,#,Name,Type 1,Type 2,Generation,Legendary,Total,HP,Attack,Defense,Sp. Atk,Sp. Def,Speed
0,1,Bulbasaur,Grass,Poison,1,False,799.0,45,49,49,65,65,45
1,2,Ivysaur,Grass,Poison,1,False,1015.0,60,62,63,80,80,60
2,3,Venusaur,Grass,Poison,1,False,1315.0,80,82,83,100,100,80
3,3,VenusaurMega Venusaur,Grass,Poison,1,False,1595.0,80,100,123,122,120,80
4,4,Charmander,Fire,,1,False,747.0,39,52,43,60,50,65
5,5,Charmeleon,Fire,,1,False,990.0,58,64,58,80,65,80
6,6,Charizard,Fire,Flying,1,False,1317.0,78,84,78,109,85,100
7,6,CharizardMega Charizard X,Fire,Dragon,1,False,1617.0,78,130,111,130,85,100
8,6,CharizardMega Charizard Y,Fire,Flying,1,False,1587.0,78,104,78,159,115,100
9,7,Squirtle,Water,,1,False,792.0,44,48,65,50,64,43
10,8,Wartortle,Water,,1,False,1019.0,59,63,80,65,80,58
11,9,Blastoise,Water,,1,False,1329.0,79,83,100,85,105,78
12,9,BlastoiseMega Blastoise,Water,,1,False,1619.0,79,103,120,135,115,78
13,10,Caterpie,Bug,,1,False,475.0,45,30,35,20,20,45
14,11,Metapod,Bug,,1,False,530.0,50,20,55,25,25,30
15,12,Butterfree,Bug,Flying,1,False,965.0,60,45,50,90,80,70
16,13,Weedle,Bug,Poison,1,False,465.0,40,35,30,20,20,50
17,14,Kakuna,Bug,Poison,1,False,520.0,45,25,50,25,25,35
18,15,Beedrill,Bug,Poison,1,False,955.0,65,90,40,45,80,75
19,15,BeedrillMega Beedrill,Bug,Poison,1,False,1115.0,65,150,40,15,80,145
20,16,Pidgey,Normal,Flying,1,False,606.0,40,45,40,35,35,56
21,17,Pidgeotto,Normal,Flying,1,False,855.0,63,60,55,50,50,71
22,18,Pidgeot,Normal,Flying,1,False,1165.0,83,80,75,70,70,101
23,18,PidgeotMega Pidgeot,Normal,Flying,1,False,1415.0,83,80,80,135,80,121
24,19,Rattata,Normal,,1,False,580.0,30,56,35,25,35,72
25,20,Raticate,Normal,,1,False,975.0,55,81,60,50,70,97
26,21,Spearow,Normal,Flying,1,False,615.0,40,60,30,31,31,70
27,22,Fearow,Normal,Flying,1,False,1065.0,65,90,65,61,61,100
28,23,Ekans,Poison,,1,False,700.0,35,60,44,40,54,55
29,24,Arbok,Poison,,1,False,1075.0,60,85,69,65,79,80
30,25,Pikachu,Electric,,1,False,730.0,35,55,40,50,50,90
31,26,Raichu,Electric,,1,False,1155.0,60,90,55,90,80,110
32,27,Sandshrew,Ground,,1,False,790.0,50,75,85,20,30,40
33,28,Sandslash,Ground,,1,False,1165.0,75,100,110,45,55,65
34,29,Nidoran (Female),Poison,,1,False,703.0,55,47,52,40,40,41
35,30,Nidorina,Poison,,1,False,928.0,70,62,67,55,55,56
36,31,Nidoqueen,Poison,Ground,1,False,1278.0,90,92,87,75,85,76
37,32,Nidoran (Male),Poison,,1,False,679.0,46,57,40,40,40,50
38,33,Nidorino,Poison,,1,False,910.0,61,72,57,55,55,65
39,34,Nidoking,Poison,Ground,1,False,1270.0,81,102,77,85,75,85
40,35,Clefairy,Fairy,,1,False,834.0,70,45,48,60,65,35
41,36,Clefable,Fairy,,1,False,1239.0,95,70,73,95,90,60
42,37,Vulpix,Fire,,1,False,702.0,38,41,40,50,65,65
43,38,Ninetales,Fire,,1,False,1215.0,73,76,75,81,100,100
44,39,Jigglypuff,Normal,Fairy,1,False,745.0,115,45,20,45,25,20
45,40,Wigglytuff,Normal,Fairy,1,False,1165.0,140,70,45,85,50,45
46,41,Zubat,Poison,Flying,1,False,585.0,40,45,35,30,40,55
47,42,Golbat,Poison,Flying,1,False,1110.0,75,80,70,65,75,90
48,43,Oddish,Grass,Poison,1,False,835.0,45,50,55,75,65,30
49,44,Gloom,Grass,Poison,1,False,1030.0,60,65,70,85,75,40
50,45,Vileplume,Grass,Poison,1,False,1280.0,75,80,85,110,90,50
51,46,Paras,Bug,Grass,1,False,750.0,35,70,55,45,55,25
52,47,Parasect,Bug,Grass,1,False,1075.0,60,95,80,60,80,30
53,48,Venonat,Bug,Poison,1,False,770.0,60,55,50,40,55,45
54,49,Venomoth,Bug,Poison,1,False,1095.0,70,65,60,90,75,90
55,50,Diglett,Ground,,1,False,560.0,10,55,25,35,45,95
56,51,Dugtrio,Ground,,1,False,905.0,35,80,50,50,70,120
57,52,Meowth,Normal,,1,False,650.0,40,45,35,40,40,90
58,53,Persian,Normal,,1,False,1025.0,65,70,60,65,65,115
59,54,Psyduck,Water,,1,False,800.0,50,52,48,65,50,55
60,55,Golduck,Water,,1,False,1250.0,80,82,78,95,80,85
61,56,Mankey,Fighting,,1,False,730.0,40,80,35,35,45,70
62,57,Primeape,Fighting,,1,False,1105.0,65,105,60,60,70,95
63,58,Growlithe,Fire,,1,False,880.0,55,70,45,70,50,60
64,59,Arcanine,Fire,,1,False,1395.0,90,110,80,100,80,95
65,60,Poliwag,Water,,1,False,680.0,40,50,40,40,40,90
66,61,Poliwhirl,Water,,1,False,925.0,65,65,65,50,50,90
67,62,Poliwrath,Water,Fighting,1,False,1300.0,90,95,95,70,90,70
68,63,Abra,Psychic,,1,False,695.0,25,20,15,105,55,90
69,64,Kadabra,Psychic,,1,False,920.0,40,35,30,120,70,105
70,65,Alakazam,Psychic,,1,False,1165.0,55,50,45,135,95,120
71,65,AlakazamMega Alakazam,Psychic,,1,False,1375.0,55,50,65,175,95,150
72,66,Machop,Fighting,,1,False,810.0,70,80,50,35,35,35
73,67,Machoke,Fighting,,1,False,1065.0,80,100,70,50,60,45
74,68,Machamp,Fighting,,1,False,1320.0,90,130,80,65,85,55
75,69,Bellsprout,Grass,Poison,1,False,790.0,50,75,35,70,30,40
76,70,Weepinbell,Grass,Poison,1,False,1015.0,65,90,50,85,45,55
77,71,Victreebel,Grass,Poison,1,False,1260.0,80,105,65,100,70,70
78,72,Tentacool,Water,Poison,1,False,765.0,40,40,35,50,100,70
79,73,Tentacruel,Water,Poison,1,False,1225.0,80,70,65,80,120,100
80,74,Geodude,Rock,Ground,1,False,830.0,40,80,100,30,30,20
81,75,Graveler,Rock,Ground,1,False,1055.0,55,95,115,45,45,35
82,76,Golem,Rock,Ground,1,False,1330.0,80,120,130,55,65,45
83,77,Ponyta,Fire,,1,False,985.0,50,85,55,65,65,90
84,78,Rapidash,Fire,,1,False,1210.0,65,100,70,80,80,105
85,79,Slowpoke,Water,Psychic,1,False,875.0,90,65,65,40,40,15
86,80,Slowbro,Water,Psychic,1,False,1330.0,95,75,110,100,80,30
87,80,SlowbroMega Slowbro,Water,Psychic,1,False,1630.0,95,75,180,130,80,30
88,81,Magnemite,Electric,Steel,1,False,830.0,25,35,70,95,55,45
89,82,Magneton,Electric,Steel,1,False,1185.0,50,60,95,120,70,70
90,83,Farfetch'd,Normal,Flying,1,False,874.0,52,65,55,58,62,60
91,84,Doduo,Normal,Flying,1,False,745.0,35,85,45,35,35,75
92,85,Dodrio,Normal,Flying,1,False,1120.0,60,110,70,60,60,100
93,86,Seel,Water,,1,False,815.0,65,45,55,45,70,45
94,87,Dewgong,Water,Ice,1,False,1190.0,90,70,80,70,95,70
95,88,Grimer,Poison,,1,False,875.0,80,80,50,40,50,25
96,89,Muk,Poison,,1,False,1300.0,105,105,75,65,100,50
97,90,Shellder,Water,,1,False,810.0,30,65,100,45,25,40
98,91,Cloyster,Water,Ice,1,False,1390.0,50,95,180,85,45,70
99,92,Gastly,Ghost,Poison,1,False,735.0,30,35,30,100,35,80
100,93,Haunter,Ghost,Poison,1,False,970.0,45,50,45,115,55,95
101,94,Gengar,Ghost,Poison,1,False,1205.0,60,65,60,130,75,110
102,94,GengarMega Gengar,Ghost,Poison,1,False,1445.0,60,65,80,170,95,130
103,95,Onix,Rock,Ground,1,False,970.0,35,45,160,30,45,70
104,96,Drowzee,Psychic,,1,False,810.0,60,48,45,43,90,42
105,97,Hypno,Psychic,,1,False,1200.0,85,73,70,73,115,67
106,98,Krabby,Water,,1,False,850.0,30,105,90,25,25,50
107,99,Kingler,Water,,1,False,1225.0,55,130,115,50,50,75
108,100,Voltorb,Electric,,1,False,735.0,40,30,50,55,55,100
109,101,Electrode,Electric,,1,False,1080.0,60,50,70,80,80,140
110,102,Exeggcute,Grass,Psychic,1,False,850.0,60,40,80,60,45,40
111,103,Exeggutor,Grass,Psychic,1,False,1385.0,95,95,85,125,65,55
112,104,Cubone,Ground,,1,False,840.0,50,50,95,40,50,35
113,105,Marowak,Ground,,1,False,1105.0,60,80,110,50,80,45
114,106,Hitmonlee,Fighting,,1,False,1081.0,50,120,53,35,110,87
115,107,Hitmonchan,Fighting,,1,False,1103.0,50,105,79,35,110,76
116,108,Lickitung,Normal,,1,False,1020.0,90,55,75,60,75,30
117,109,Koffing,Poison,,1,False,905.0,40,65,95,60,45,35
118,110,Weezing,Poison,,1,False,1280.0,65,90,120,85,70,60
119,111,Rhyhorn,Ground,Rock,1,False,955.0,80,85,95,30,30,25
120,112,Rhydon,Ground,Rock,1,False,1330.0,105,130,120,45,45,40
121,113,Chansey,Normal,,1,False,1145.0,250,5,5,35,105,50
122,114,Tangela,Grass,,1,False,1145.0,65,55,115,100,40,60
123,115,Kangaskhan,Normal,,1,False,1210.0,105,95,80,40,80,90
124,115,KangaskhanMega Kangaskhan,Normal,,1,False,1470.0,105,125,100,60,100,100
125,116,Horsea,Water,,1,False,740.0,30,40,70,70,25,60
126,117,Seadra,Water,,1,False,1105.0,55,65,95,95,45,85
127,118,Goldeen,Water,,1,False,784.0,45,67,60,35,50,63
128,119,Seaking,Water,,1,False,1134.0,80,92,65,65,80,68
129,120,Staryu,Water,,1,False,795.0,30,45,55,70,55,85
130,121,Starmie,Water,Psychic,1,False,1245.0,60,75,85,100,85,115
131,122,Mr. Mime,Psychic,Fairy,1,False,1080.0,40,45,65,100,120,90
132,123,Scyther,Bug,Flying,1,False,1210.0,70,110,80,55,80,105
133,124,Jynx,Ice,Psychic,1,False,1080.0,65,50,35,115,95,95
134,125,Electabuzz,Electric,,1,False,1175.0,65,83,57,95,85,105
135,126,Magmar,Fire,,1,False,1214.0,65,95,57,100,85,93
136,127,Pinsir,Bug,,1,False,1260.0,65,125,100,55,70,85
137,127,PinsirMega Pinsir,Bug,Flying,1,False,1500.0,65,155,120,65,90,105
138,128,Tauros,Normal,,1,False,1180.0,75,100,95,40,70,110
139,129,Magikarp,Water,,1,False,420.0,20,10,55,15,20,80
140,130,Gyarados,Water,Flying,1,False,1358.0,95,125,79,60,100,81
141,130,GyaradosMega Gyarados,Water,Dark,1,False,1628.0,95,155,109,70,130,81
142,131,Lapras,Water,Ice,1,False,1390.0,130,85,80,85,95,60
143,132,Ditto,Normal,,1,False,720.0,48,48,48,48,48,48
144,133,Eevee,Normal,,1,False,800.0,55,55,50,45,65,55
145,134,Vaporeon,Water,,1,False,1350.0,130,65,60,110,95,65
146,135,Jolteon,Electric,,1,False,1220.0,65,65,60,110,95,130
147,136,Flareon,Fire,,1,False,1335.0,65,130,60,95,110,65
148,137,Porygon,Normal,,1,False,1030.0,65,60,70,85,75,40
149,138,Omanyte,Rock,Water,1,False,940.0,35,40,100,90,55,35
150,139,Omastar,Rock,Water,1,False,1305.0,70,60,125,115,70,55
151,140,Kabuto,Rock,Water,1,False,910.0,30,80,90,55,45,55
152,141,Kabutops,Rock,Water,1,False,1255.0,60,115,105,65,70,80
153,142,Aerodactyl,Rock,Flying,1,False,1210.0,80,105,65,60,75,130
154,142,AerodactylMega Aerodactyl,Rock,Flying,1,False,1450.0,80,135,85,70,95,150
155,143,Snorlax,Normal,,1,False,1450.0,160,110,65,65,110,30
156,144,Articuno,Ice,Flying,1,True,1446.0,90,85,100,95,125,85
157,145,Zapdos,Electric,Flying,1,True,1451.0,90,90,85,125,90,100
158,146,Moltres,Fire,Flying,1,True,1476.0,90,100,90,125,85,90
159,147,Dratini,Dragon,,1,False,750.0,41,64,45,50,50,50
160,148,Dragonair,Dragon,,1,False,1050.0,61,84,65,70,70,70
161,149,Dragonite,Dragon,Flying,1,False,1540.0,91,134,95,100,100,80
162,150,Mewtwo,Psychic,,1,True,1691.0,106,110,90,154,90,130
163,150,MewtwoMega Mewtwo X,Psychic,Fighting,1,True,1981.0,106,190,100,154,100,130
164,150,MewtwoMega Mewtwo Y,Psychic,,1,True,1941.0,106,150,70,194,120,140
165,151,Mew,Psychic,,1,False,1500.0,100,100,100,100,100,100
166,152,Chikorita,Grass,,2,False,799.0,45,49,65,49,65,45
167,153,Bayleef,Grass,,2,False,1015.0,60,62,80,63,80,60
168,154,Meganium,Grass,,2,False,1315.0,80,82,100,83,100,80
169,155,Cyndaquil,Fire,,2,False,747.0,39,52,43,60,50,65
170,156,Quilava,Fire,,2,False,990.0,58,64,58,80,65,80
171,157,Typhlosion,Fire,,2,False,1317.0,78,84,78,109,85,100
172,158,Totodile,Water,,2,False,808.0,50,65,64,44,48,43
173,159,Croconaw,Water,,2,False,1036.0,65,80,80,59,63,58
174,160,Feraligatr,Water,,2,False,1351.0,85,105,100,79,83,78
175,161,Sentret,Normal,,2,False,560.0,35,46,34,35,45,20
176,162,Furret,Normal,,2,False,1010.0,85,76,64,45,55,90
177,163,Hoothoot,Normal,Flying,2,False,630.0,60,30,30,36,56,50
178,164,Noctowl,Normal,Flying,2,False,1090.0,100,50,50,76,96,70
179,165,Ledyba,Bug,Flying,2,False,605.0,40,20,30,40,80,55
180,166,Ledian,Bug,Flying,2,False,890.0,55,35,50,55,110,85
181,167,Spinarak,Bug,Poison,2,False,650.0,40,60,40,40,40,30
182,168,Ariados,Bug,Poison,2,False,1030.0,70,90,70,60,60,40
183,169,Crobat,Poison,Flying,2,False,1265.0,85,90,80,70,80,130
184,170,Chinchou,Water,Electric,2,False,800.0,75,38,38,56,56,67
185,171,Lanturn,Water,Electric,2,False,1170.0,125,58,58,76,76,67
186,172,Pichu,Electric,,2,False,460.0,20,40,15,35,35,60
187,173,Cleffa,Fairy,,2,False,569.0,50,25,28,45,55,15
188,174,Igglybuff,Normal,Fairy,2,False,580.0,90,30,15,40,20,15
189,175,Togepi,Fairy,,2,False,630.0,35,20,65,40,65,20
190,176,Togetic,Fairy,Flying,2,False,1030.0,55,40,85,80,105,40
191,177,Natu,Psychic,Flying,2,False,775.0,40,50,45,70,45,70
192,178,Xatu,Psychic,Flying,2,False,1150.0,65,75,70,95,70,95
193,179,Mareep,Electric,,2,False,725.0,55,40,40,65,45,35
194,180,Flaaffy,Electric,,2,False,945.0,70,55,55,80,60,45
195,181,Ampharos,Electric,,2,False,1330.0,90,75,85,115,90,55
196,181,AmpharosMega Ampharos,Electric,Dragon,2,False,1630.0,90,95,105,165,110,45
197,182,Bellossom,Grass,,2,False,1270.0,75,80,95,90,100,50
198,183,Marill,Water,Fairy,2,False,620.0,70,20,50,20,50,40
199,184,Azumarill,Water,Fairy,2,False,1080.0,100,50,80,60,80,50
200,185,Sudowoodo,Rock,,2,False,1105.0,70,100,115,30,65,30
201,186,Politoed,Water,,2,False,1260.0,90,75,75,90,100,70
202,187,Hoppip,Grass,Flying,2,False,595.0,35,35,40,35,55,50
203,188,Skiploom,Grass,Flying,2,False,795.0,55,45,50,45,65,80
204,189,Jumpluff,Grass,Flying,2,False,1065.0,75,55,70,55,95,110
205,190,Aipom,Normal,,2,False,855.0,55,70,55,40,55,85
206,191,Sunkern,Grass,,2,False,450.0,30,30,30,30,30,30
207,192,Sunflora,Grass,,2,False,1130.0,75,75,55,105,85,30
208,193,Yanma,Bug,Flying,2,False,935.0,65,65,45,75,45,95
209,194,Wooper,Water,Ground,2,False,575.0,55,45,45,25,25,15
210,195,Quagsire,Water,Ground,2,False,1155.0,95,85,85,65,65,35
211,196,Espeon,Psychic,,2,False,1260.0,65,65,60,130,95,110
212,197,Umbreon,Dark,,2,False,1315.0,95,65,110,60,130,65
213,198,Murkrow,Dark,Flying,2,False,991.0,60,85,42,85,42,91
214,199,Slowking,Water,Psychic,2,False,1300.0,95,75,80,100,110,30
215,200,Misdreavus,Ghost,,2,False,1050.0,60,60,60,85,85,85
216,201,Unown,Psychic,,2,False,864.0,48,72,48,72,48,48
217,202,Wobbuffet,Psychic,,2,False,1091.0,190,33,58,33,58,33
218,203,Girafarig,Normal,Psychic,2,False,1130.0,70,80,65,90,65,85
219,204,Pineco,Bug,,2,False,805.0,50,65,90,35,35,15
220,205,Forretress,Bug,Steel,2,False,1255.0,75,90,140,60,60,40
221,206,Dunsparce,Normal,,2,False,1090.0,100,70,70,65,65,45
222,207,Gligar,Ground,Flying,2,False,1055.0,65,75,105,35,65,85
223,208,Steelix,Steel,Ground,2,False,1405.0,75,85,200,55,65,30
224,208,SteelixMega Steelix,Steel,Ground,2,False,1675.0,75,125,230,55,95,30
225,209,Snubbull,Fairy,,2,False,800.0,60,80,50,40,40,30
226,210,Granbull,Fairy,,2,False,1200.0,90,120,75,60,60,45
227,211,Qwilfish,Water,Poison,2,False,1065.0,65,95,75,55,55,85
228,212,Scizor,Bug,Steel,2,False,1290.0,70,130,100,55,80,65
229,212,ScizorMega Scizor,Bug,Steel,2,False,1550.0,70,150,140,65,100,75
230,213,Shuckle,Bug,Rock,2,False,1275.0,20,10,230,10,230,5
231,214,Heracross,Bug,Fighting,2,False,1235.0,80,125,75,40,95,85
232,214,HeracrossMega Heracross,Bug,Fighting,2,False,1545.0,80,185,115,40,105,75
233,215,Sneasel,Dark,Ice,2,False,985.0,55,95,55,35,75,115
234,216,Teddiursa,Normal,,2,False,860.0,60,80,50,50,50,40
235,217,Ursaring,Normal,,2,False,1315.0,90,130,75,75,75,55
236,218,Slugma,Fire,,2,False,670.0,40,40,40,70,40,20
237,219,Magcargo,Fire,Rock,2,False,1090.0,50,50,120,80,80,30
238,220,Swinub,Ice,Ground,2,False,620.0,50,50,40,30,30,50
239,221,Piloswine,Ice,Ground,2,False,1190.0,100,100,80,60,60,50
240,222,Corsola,Water,Rock,2,False,985.0,55,55,85,65,85,35
241,223,Remoraid,Water,,2,False,735.0,35,65,35,65,35,65
242,224,Octillery,Water,,2,False,1275.0,75,105,75,105,75,45
243,225,Delibird,Ice,Flying,2,False,795.0,45,55,45,65,45,75
244,226,Mantine,Water,Flying,2,False,1115.0,65,40,70,80,140,70
245,227,Skarmory,Steel,Flying,2,False,1185.0,65,80,140,40,70,70
246,228,Houndour,Dark,Fire,2,False,810.0,45,60,30,80,50,65
247,229,Houndoom,Dark,Fire,2,False,1230.0,75,90,50,110,80,95
248,229,HoundoomMega Houndoom,Dark,Fire,2,False,1480.0,75,90,90,140,90,115
249,230,Kingdra,Water,Dragon,2,False,1355.0,75,95,95,95,95,85
250,231,Phanpy,Ground,,2,False,870.0,90,60,60,40,40,40
251,232,Donphan,Ground,,2,False,1340.0,90,120,120,60,60,50
252,233,Porygon2,Normal,,2,False,1330.0,85,80,90,105,95,60
253,234,Stantler,Normal,,2,False,1160.0,73,95,62,85,65,85
254,235,Smeargle,Normal,,2,False,555.0,55,20,35,20,45,75
255,236,Tyrogue,Fighting,,2,False,525.0,35,35,35,35,35,35
256,237,Hitmontop,Fighting,,2,False,1115.0,50,95,95,35,110,70
257,238,Smoochum,Ice,Psychic,2,False,720.0,45,30,15,85,65,65
258,239,Elekid,Electric,,2,False,835.0,45,63,37,65,55,95
259,240,Magby,Fire,,2,False,874.0,45,75,37,70,55,83
260,241,Miltank,Normal,,2,False,1200.0,95,80,105,40,70,100
261,242,Blissey,Normal,,2,False,1375.0,255,10,10,75,135,55
262,243,Raikou,Electric,,2,True,1411.0,90,85,75,115,100,115
263,244,Entei,Fire,,2,True,1466.0,115,115,85,90,75,100
264,245,Suicune,Water,,2,True,1456.0,100,75,115,90,115,85
265,246,Larvitar,Rock,Ground,2,False,768.0,50,64,50,45,50,41
266,247,Pupitar,Rock,Ground,2,False,1058.0,70,84,70,65,70,51
267,248,Tyranitar,Rock,Dark,2,False,1578.0,100,134,110,95,100,61
268,248,TyranitarMega Tyranitar,Rock,Dark,2,False,1838.0,100,164,150,95,120,71
269,249,Lugia,Psychic,Flying,2,True,1667.0,106,90,130,90,154,110
270,250,Ho-oh,Fire,Flying,2,True,1707.0,106,130,90,110,154,90
271,251,Celebi,Psychic,Grass,2,False,1500.0,100,100,100,100,100,100
272,252,Treecko,Grass,,3,False,735.0,40,45,35,65,55,70
273,253,Grovyle,Grass,,3,False,960.0,50,65,45,85,65,95
274,254,Sceptile,Grass,,3,False,1265.0,70,85,65,105,85,120
275,254,SceptileMega Sceptile,Grass,Dragon,3,False,1515.0,70,110,75,145,85,145
276,255,Torchic,Fire,,3,False,790.0,45,60,40,70,50,45
277,256,Combusken,Fire,Fighting,3,False,1045.0,60,85,60,85,60,55
278,257,Blaziken,Fire,Fighting,3,False,1360.0,80,120,70,110,70,80
279,257,BlazikenMega Blaziken,Fire,Fighting,3,False,1610.0,80,160,80,130,80,100
280,258,Mudkip,Water,,3,False,800.0,50,70,50,50,50,40
281,259,Marshtomp,Water,Ground,3,False,1045.0,70,85,70,60,70,50
282,260,Swampert,Water,Ground,3,False,1395.0,100,110,90,85,90,60
283,260,SwampertMega Swampert,Water,Ground,3,False,1655.0,100,150,110,95,110,70
284,261,Poochyena,Dark,,3,False,560.0,35,55,35,30,30,35
285,262,Mightyena,Dark,,3,False,1060.0,70,90,70,60,60,70
286,263,Zigzagoon,Normal,,3,False,559.0,38,30,41,30,41,60
287,264,Linoone,Normal,,3,False,999.0,78,70,61,50,61,100
288,265,Wurmple,Bug,,3,False,515.0,45,45,35,20,30,20
289,266,Silcoon,Bug,,3,False,560.0,50,35,55,25,25,15
290,267,Beautifly,Bug,Flying,3,False,1005.0,60,70,50,100,50,65
291,268,Cascoon,Bug,,3,False,560.0,50,35,55,25,25,15
292,269,Dustox,Bug,Poison,3,False,935.0,60,50,70,50,90,65
293,270,Lotad,Water,Grass,3,False,550.0,40,30,30,40,50,30
294,271,Lombre,Water,Grass,3,False,850.0,60,50,50,60,70,50
295,272,Ludicolo,Water,Grass,3,False,1200.0,80,70,70,90,100,70
296,273,Seedot,Grass,,3,False,570.0,40,40,50,30,30,30
297,274,Nuzleaf,Grass,Dark,3,False,860.0,70,70,40,60,40,60
298,275,Shiftry,Grass,Dark,3,False,1220.0,90,100,60,90,60,80
299,276,Taillow,Normal,Flying,3,False,610.0,40,55,30,30,30,85
300,277,Swellow,Normal,Flying,3,False,990.0,60,85,60,50,50,125
301,278,Wingull,Water,Flying,3,False,610.0,40,30,30,55,30,85
302,279,Pelipper,Water,Flying,3,False,1090.0,60,50,100,85,70,65
303,280,Ralts,Psychic,Fairy,3,False,479.0,28,25,25,45,35,40
304,281,Kirlia,Psychic,Fairy,3,False,679.0,38,35,35,65,55,50
305,282,Gardevoir,Psychic,Fairy,3,False,1279.0,68,65,65,125,115,80
306,282,GardevoirMega Gardevoir,Psychic,Fairy,3,False,1519.0,68,85,65,165,135,100
307,283,Surskit,Bug,Water,3,False,625.0,40,30,32,50,52,65
308,284,Masquerain,Bug,Flying,3,False,1040.0,70,60,62,80,82,60
309,285,Shroomish,Grass,,3,False,755.0,60,40,60,40,60,35
310,286,Breloom,Grass,Fighting,3,False,1180.0,60,130,80,60,60,70
311,287,Slakoth,Normal,,3,False,745.0,60,60,60,35,35,30
312,288,Vigoroth,Normal,,3,False,1085.0,80,80,80,55,55,90
313,289,Slaking,Normal,,3,False,1745.0,150,160,100,95,65,100
314,290,Nincada,Bug,Ground,3,False,688.0,31,45,90,30,30,40
315,291,Ninjask,Bug,Flying,3,False,998.0,61,90,45,50,50,160
316,292,Shedinja,Bug,Ghost,3,False,598.0,1,90,45,30,30,40
317,293,Whismur,Normal,,3,False,641.0,64,51,23,51,23,28
318,294,Loudred,Normal,,3,False,941.0,84,71,43,71,43,48
319,295,Exploud,Normal,,3,False,1261.0,104,91,63,91,73,68
320,296,Makuhita,Fighting,,3,False,631.0,72,60,30,20,30,25
321,297,Hariyama,Fighting,,3,False,1262.0,144,120,60,40,60,50
322,298,Azurill,Normal,Fairy,3,False,490.0,50,20,40,20,40,20
323,299,Nosepass,Rock,,3,False,975.0,30,45,135,45,90,30
324,300,Skitty,Normal,,3,False,645.0,50,45,45,35,35,50
325,301,Delcatty,Normal,,3,False,945.0,70,65,65,55,55,70
326,302,Sableye,Dark,Ghost,3,False,975.0,50,75,75,65,65,50
327,302,SableyeMega Sableye,Dark,Ghost,3,False,1285.0,50,85,125,85,115,20
328,303,Mawile,Steel,Fairy,3,False,985.0,50,85,85,55,55,50
329,303,MawileMega Mawile,Steel,Fairy,3,False,1245.0,50,105,125,55,95,50
330,304,Aron,Steel,Rock,3,False,890.0,50,70,100,40,40,30
331,305,Lairon,Steel,Rock,3,False,1160.0,60,90,140,50,50,40
332,306,Aggron,Steel,Rock,3,False,1430.0,70,110,180,60,60,50
333,306,AggronMega Aggron,Steel,,3,False,1710.0,70,140,230,60,80,50
334,307,Meditite,Fighting,Psychic,3,False,665.0,30,40,55,40,55,60
335,308,Medicham,Fighting,Psychic,3,False,995.0,60,60,75,60,75,80
336,308,MedichamMega Medicham,Fighting,Psychic,3,False,1245.0,60,100,85,80,85,100
337,309,Electrike,Electric,,3,False,715.0,40,45,40,65,40,65
338,310,Manectric,Electric,,3,False,1155.0,70,75,60,105,60,105
339,310,ManectricMega Manectric,Electric,,3,False,1375.0,70,75,80,135,80,135
340,311,Plusle,Electric,,3,False,950.0,60,50,40,85,75,95
341,312,Minun,Electric,,3,False,940.0,60,40,50,75,85,95
342,313,Volbeat,Bug,,3,False,955.0,65,73,55,47,75,85
343,314,Illumise,Bug,,3,False,955.0,65,47,55,73,75,85
344,315,Roselia,Grass,Poison,3,False,990.0,50,60,45,100,80,65
345,316,Gulpin,Poison,,3,False,773.0,70,43,53,43,53,40
346,317,Swalot,Poison,,3,False,1208.0,100,73,83,73,83,55
347,318,Carvanha,Water,Dark,3,False,765.0,45,90,20,65,20,65
348,319,Sharpedo,Water,Dark,3,False,1150.0,70,120,40,95,40,95
349,319,SharpedoMega Sharpedo,Water,Dark,3,False,1405.0,70,140,70,110,65,105
350,320,Wailmer,Water,,3,False,1045.0,130,70,35,70,35,60
351,321,Wailord,Water,,3,False,1335.0,170,90,45,90,45,60
352,322,Numel,Fire,Ground,3,False,800.0,60,60,40,65,45,35
353,323,Camerupt,Fire,Ground,3,False,1225.0,70,100,70,105,75,40
354,323,CameruptMega Camerupt,Fire,Ground,3,False,1535.0,70,120,100,145,105,20
355,324,Torkoal,Fire,,3,False,1300.0,70,85,140,85,70,20
356,325,Spoink,Psychic,,3,False,790.0,60,25,35,70,80,60
357,326,Grumpig,Psychic,,3,False,1140.0,80,45,65,90,110,80
358,327,Spinda,Normal,,3,False,900.0,60,60,60,60,60,60
359,328,Trapinch,Ground,,3,False,805.0,45,100,45,45,45,10
360,329,Vibrava,Ground,Dragon,3,False,830.0,50,70,50,50,50,70
361,330,Flygon,Ground,Dragon,3,False,1280.0,80,100,80,80,80,100
362,331,Cacnea,Grass,,3,False,895.0,50,85,40,85,40,35
363,332,Cacturne,Grass,Dark,3,False,1255.0,70,115,60,115,60,55
364,333,Swablu,Normal,Flying,3,False,755.0,45,40,60,40,75,50
365,334,Altaria,Dragon,Flying,3,False,1205.0,75,70,90,70,105,80
366,334,AltariaMega Altaria,Dragon,Fairy,3,False,1505.0,75,110,110,110,105,80
367,335,Zangoose,Normal,,3,False,1134.0,73,115,60,60,60,90
368,336,Seviper,Poison,,3,False,1184.0,73,100,60,100,60,65
369,337,Lunatone,Rock,Psychic,3,False,1095.0,70,55,65,95,85,70
370,338,Solrock,Rock,Psychic,3,False,1115.0,70,95,85,55,65,70
371,339,Barboach,Water,Ground,3,False,703.0,50,48,43,46,41,60
372,340,Whiscash,Water,Ground,3,False,1213.0,110,78,73,76,71,60
373,341,Corphish,Water,,3,False,819.0,43,80,65,50,35,35
374,342,Crawdaunt,Water,Dark,3,False,1239.0,63,120,85,90,55,55
375,343,Baltoy,Ground,Psychic,3,False,720.0,40,40,55,40,70,55
376,344,Claydol,Ground,Psychic,3,False,1230.0,60,70,105,70,120,75
377,345,Lileep,Rock,Grass,3,False,932.0,66,41,77,61,87,23
378,346,Cradily,Rock,Grass,3,False,1292.0,86,81,97,81,107,43
379,347,Anorith,Rock,Bug,3,False,865.0,45,95,50,40,50,75
380,348,Armaldo,Rock,Bug,3,False,1315.0,75,125,100,70,80,45
381,349,Feebas,Water,,3,False,385.0,20,15,20,10,55,80
382,350,Milotic,Water,,3,False,1333.0,95,60,79,100,125,81
383,351,Castform,Normal,,3,False,1050.0,70,70,70,70,70,70
384,352,Kecleon,Normal,,3,False,1120.0,60,90,70,60,120,40
385,353,Shuppet,Ghost,,3,False,762.0,44,75,35,63,33,45
386,354,Banette,Ghost,,3,False,1172.0,64,115,65,83,63,65
387,354,BanetteMega Banette,Ghost,,3,False,1432.0,64,165,75,93,83,75
388,355,Duskull,Ghost,,3,False,745.0,20,40,90,30,90,25
389,356,Dusclops,Ghost,,3,False,1185.0,40,70,130,60,130,25
390,357,Tropius,Grass,Flying,3,False,1191.0,99,68,83,72,87,51
391,358,Chimecho,Psychic,,3,False,1065.0,65,50,70,95,80,65
392,359,Absol,Dark,,3,False,1185.0,65,130,60,75,60,75
393,359,AbsolMega Absol,Dark,,3,False,1405.0,65,150,60,115,60,115
394,360,Wynaut,Psychic,,3,False,686.0,95,23,48,23,48,23
395,361,Snorunt,Ice,,3,False,750.0,50,50,50,50,50,50
396,362,Glalie,Ice,,3,False,1200.0,80,80,80,80,80,80
397,362,GlalieMega Glalie,Ice,,3,False,1460.0,80,120,80,120,80,100
398,363,Spheal,Ice,Water,3,False,770.0,70,40,50,55,50,25
399,364,Sealeo,Ice,Water,3,False,1070.0,90,60,70,75,70,45
400,365,Walrein,Ice,Water,3,False,1370.0,110,80,90,95,90,65
401,366,Clamperl,Water,,3,False,916.0,35,64,85,74,55,32
402,367,Huntail,Water,,3,False,1276.0,55,104,105,94,75,52
403,368,Gorebyss,Water,,3,False,1276.0,55,84,105,114,75,52
404,369,Relicanth,Water,Rock,3,False,1280.0,100,90,130,45,65,55
405,370,Luvdisc,Water,,3,False,731.0,43,30,55,40,65,97
406,371,Bagon,Dragon,,3,False,770.0,45,75,60,40,30,50
407,372,Shelgon,Dragon,,3,False,1110.0,65,95,100,60,50,50
408,373,Salamence,Dragon,Flying,3,False,1520.0,95,135,80,110,80,100
409,373,SalamenceMega Salamence,Dragon,Flying,3,False,1770.0,95,145,130,120,90,120
410,374,Beldum,Steel,Psychic,3,False,780.0,40,55,80,35,60,30
411,375,Metang,Steel,Psychic,3,False,1080.0,60,75,100,55,80,50
412,376,Metagross,Steel,Psychic,3,False,1570.0,80,135,130,95,90,70
413,376,MetagrossMega Metagross,Steel,Psychic,3,False,1770.0,80,145,150,105,110,110
414,377,Regirock,Rock,,3,True,1541.0,80,100,200,50,100,50
415,378,Regice,Ice,,3,True,1441.0,80,50,100,100,200,50
416,379,Registeel,Steel,,3,True,1491.0,80,75,150,75,150,50
417,380,Latias,Dragon,Psychic,3,True,1451.0,80,80,90,110,130,110
418,380,LatiasMega Latias,Dragon,Psychic,3,True,1731.0,80,100,120,140,150,110
419,381,Latios,Dragon,Psychic,3,True,1471.0,80,90,80,130,110,110
420,381,LatiosMega Latios,Dragon,Psychic,3,True,1761.0,80,130,100,160,120,110
421,382,Kyogre,Water,,3,True,1691.0,100,100,90,150,140,90
422,382,KyogrePrimal Kyogre,Water,,3,True,1971.0,100,150,90,180,160,90
423,383,Groudon,Ground,,3,True,1741.0,100,150,140,100,90,90
424,383,GroudonPrimal Groudon,Ground,Fire,3,True,2041.0,100,180,160,150,90,90
425,384,Rayquaza,Dragon,Flying,3,True,1761.0,105,150,90,150,90,95
426,384,RayquazaMega Rayquaza,Dragon,Flying,3,True,2011.0,105,180,100,180,100,115
427,385,Jirachi,Steel,Psychic,3,True,1501.0,100,100,100,100,100,100
428,386,DeoxysNormal Forme,Psychic,,3,True,1451.0,50,150,50,150,50,150
429,386,DeoxysAttack Forme,Psychic,,3,True,1481.0,50,180,20,180,20,150
430,386,DeoxysDefense Forme,Psychic,,3,True,1461.0,50,70,160,70,160,90
431,386,DeoxysSpeed Forme,Psychic,,3,True,1351.0,50,95,90,95,90,180
432,387,Turtwig,Grass,,4,False,837.0,55,68,64,45,55,31
433,388,Grotle,Grass,,4,False,1078.0,75,89,85,55,65,36
434,389,Torterra,Grass,Ground,4,False,1378.0,95,109,105,75,85,56
435,390,Chimchar,Fire,,4,False,761.0,44,58,44,58,44,61
436,391,Monferno,Fire,Fighting,4,False,1001.0,64,78,52,78,52,81
437,392,Infernape,Fire,Fighting,4,False,1315.0,76,104,71,104,71,108
438,393,Piplup,Water,,4,False,806.0,53,51,53,61,56,40
439,394,Prinplup,Water,,4,False,1039.0,64,66,68,81,76,50
440,395,Empoleon,Water,Steel,4,False,1369.0,84,86,88,111,101,60
441,396,Starly,Normal,Flying,4,False,585.0,40,55,30,30,30,60
442,397,Staravia,Normal,Flying,4,False,820.0,55,75,50,40,40,80
443,398,Staraptor,Normal,Flying,4,False,1195.0,85,120,70,50,60,100
444,399,Bidoof,Normal,,4,False,648.0,59,45,40,35,40,31
445,400,Bibarel,Normal,Water,4,False,1028.0,79,85,60,55,60,71
446,401,Kricketot,Bug,,4,False,491.0,37,25,41,25,41,25
447,402,Kricketune,Bug,,4,False,971.0,77,85,51,55,51,65
448,403,Shinx,Electric,,4,False,665.0,45,65,34,40,34,45
449,404,Luxio,Electric,,4,False,920.0,60,85,49,60,49,60
450,405,Luxray,Electric,,4,False,1350.0,80,120,79,95,79,70
451,406,Budew,Grass,Poison,4,False,660.0,40,30,35,50,70,55
452,407,Roserade,Grass,Poison,4,False,1260.0,60,70,65,125,105,90
453,408,Cranidos,Rock,,4,False,904.0,67,125,40,30,30,58
454,409,Rampardos,Rock,,4,False,1319.0,97,165,60,65,50,58
455,410,Shieldon,Rock,Steel,4,False,902.0,30,42,118,42,88,30
456,411,Bastiodon,Rock,Steel,4,False,1287.0,60,52,168,47,138,30
457,412,Burmy,Bug,,4,False,555.0,40,29,45,29,45,36
458,413,WormadamPlant Cloak,Bug,Grass,4,False,1095.0,60,59,85,79,105,36
459,413,WormadamSandy Cloak,Bug,Ground,4,False,1115.0,60,79,105,59,85,36
460,413,WormadamTrash Cloak,Bug,Steel,4,False,1105.0,60,69,95,69,95,36
461,414,Mothim,Bug,Flying,4,False,1090.0,70,94,50,94,50,66
462,415,Combee,Bug,Flying,4,False,550.0,30,30,42,30,42,70
463,416,Vespiquen,Bug,Flying,4,False,1240.0,70,80,102,80,102,40
464,417,Pachirisu,Electric,,4,False,935.0,60,45,70,45,90,95
465,418,Buizel,Water,,4,False,790.0,55,65,35,60,30,85
466,419,Floatzel,Water,,4,False,1205.0,85,105,55,85,50,115
467,420,Cherubi,Grass,,4,False,702.0,45,35,45,62,53,35
468,421,Cherrim,Grass,,4,False,1102.0,70,60,70,87,78,85
469,422,Shellos,Water,,4,False,845.0,76,48,48,57,62,34
470,423,Gastrodon,Water,Ground,4,False,1265.0,111,83,68,92,82,39
471,424,Ambipom,Normal,,4,False,1150.0,75,100,66,60,66,115
472,425,Drifloon,Ghost,Flying,4,False,860.0,90,50,34,60,44,70
473,426,Drifblim,Ghost,Flying,4,False,1280.0,150,80,44,90,54,80
474,427,Buneary,Normal,,4,False,824.0,55,66,44,44,56,85
475,428,Lopunny,Normal,,4,False,1134.0,65,76,84,54,96,105
476,428,LopunnyMega Lopunny,Normal,Fighting,4,False,1374.0,65,136,94,54,96,135
477,429,Mismagius,Ghost,,4,False,1170.0,60,60,60,105,105,105
478,430,Honchkrow,Dark,Flying,4,False,1321.0,100,125,52,105,52,71
479,431,Glameow,Normal,,4,False,723.0,49,55,42,42,37,85
480,432,Purugly,Normal,,4,False,1073.0,71,82,64,64,59,112
481,433,Chingling,Psychic,,4,False,715.0,45,30,50,65,50,45
482,434,Stunky,Poison,Dark,4,False,798.0,63,63,47,41,41,74
483,435,Skuntank,Poison,Dark,4,False,1208.0,103,93,67,71,61,84
484,436,Bronzor,Steel,Psychic,4,False,768.0,57,24,86,24,86,23
485,437,Bronzong,Steel,Psychic,4,False,1318.0,67,89,116,79,116,33
486,438,Bonsly,Rock,,4,False,805.0,50,80,95,10,45,10
487,439,Mime Jr.,Psychic,Fairy,4,False,720.0,20,25,45,70,90,60
488,440,Happiny,Normal,,4,False,535.0,100,5,5,15,65,30
489,441,Chatot,Normal,Flying,4,False,1009.0,76,65,45,92,42,91
490,442,Spiritomb,Ghost,Dark,4,False,1277.0,50,92,108,92,108,35
491,443,Gible,Dragon,Ground,4,False,771.0,58,70,45,40,45,42
492,444,Gabite,Dragon,Ground,4,False,1011.0,68,90,65,50,55,82
493,445,Garchomp,Dragon,Ground,4,False,1511.0,108,130,95,80,85,102
494,445,GarchompMega Garchomp,Dragon,Ground,4,False,1821.0,108,170,115,120,95,92
495,446,Munchlax,Normal,,4,False,1075.0,135,85,40,40,85,5
496,447,Riolu,Fighting,,4,False,695.0,40,70,40,35,40,60
497,448,Lucario,Fighting,Steel,4,False,1325.0,70,110,70,115,70,90
498,448,LucarioMega Lucario,Fighting,Steel,4,False,1581.0,70,145,88,140,70,112
499,449,Hippopotas,Ground,,4,False,884.0,68,72,78,38,42,32
500,450,Hippowdon,Ground,,4,False,1409.0,108,112,118,68,72,47
501,451,Skorupi,Poison,Bug,4,False,805.0,40,50,90,30,55,65
502,452,Drapion,Poison,Dark,4,False,1235.0,70,90,110,60,75,95
503,453,Croagunk,Poison,Fighting,4,False,760.0,48,61,40,61,40,50
504,454,Toxicroak,Poison,Fighting,4,False,1235.0,83,106,65,86,65,85
505,455,Carnivine,Grass,,4,False,1198.0,74,100,72,90,72,46
506,456,Finneon,Water,,4,False,797.0,49,49,56,49,61,66
507,457,Lumineon,Water,,4,False,1112.0,69,69,76,69,86,91
508,458,Mantyke,Water,Flying,4,False,815.0,45,20,50,60,120,50
509,459,Snover,Grass,Ice,4,False,862.0,60,62,50,62,60,40
510,460,Abomasnow,Grass,Ice,4,False,1277.0,90,92,75,92,85,60
511,460,AbomasnowMega Abomasnow,Grass,Ice,4,False,1617.0,90,132,105,132,105,30
512,461,Weavile,Dark,Ice,4,False,1195.0,70,120,65,45,85,125
513,462,Magnezone,Electric,Steel,4,False,1395.0,70,70,115,130,90,60
514,463,Lickilicky,Normal,,4,False,1350.0,110,85,95,80,95,50
515,464,Rhyperior,Ground,Rock,4,False,1470.0,115,140,130,55,55,40
516,465,Tangrowth,Grass,,4,False,1455.0,100,100,125,110,50,50
517,466,Electivire,Electric,,4,False,1345.0,75,123,67,95,85,95
518,467,Magmortar,Fire,,4,False,1359.0,75,95,67,125,95,83
519,468,Togekiss,Fairy,Flying,4,False,1360.0,85,50,95,120,115,80
520,469,Yanmega,Bug,Flying,4,False,1299.0,86,76,86,116,56,95
521,470,Leafeon,Grass,,4,False,1320.0,65,110,130,60,65,95
522,471,Glaceon,Ice,,4,False,1350.0,65,60,110,130,95,65
523,472,Gliscor,Ground,Flying,4,False,1265.0,75,95,125,45,75,95
524,473,Mamoswine,Ice,Ground,4,False,1370.0,110,130,80,70,60,80
525,474,Porygon-Z,Normal,,4,False,1350.0,85,80,70,135,75,90
526,475,Gallade,Psychic,Fighting,4,False,1279.0,68,125,65,65,115,80
527,475,GalladeMega Gallade,Psychic,Fighting,4,False,1519.0,68,165,95,65,115,110
528,476,Probopass,Rock,Steel,4,False,1345.0,60,55,145,75,150,40
529,477,Dusknoir,Ghost,,4,False,1350.0,45,100,135,65,135,45
530,478,Froslass,Ice,Ghost,4,False,1150.0,70,80,70,80,70,110
531,479,Rotom,Electric,Ghost,4,False,1061.0,50,50,77,95,77,91
532,479,RotomHeat Rotom,Electric,Fire,4,False,1281.0,50,65,107,105,107,86
533,479,RotomWash Rotom,Electric,Water,4,False,1281.0,50,65,107,105,107,86
534,479,RotomFrost Rotom,Electric,Ice,4,False,1281.0,50,65,107,105,107,86
535,479,RotomFan Rotom,Electric,Flying,4,False,1281.0,50,65,107,105,107,86
536,479,RotomMow Rotom,Electric,Grass,4,False,1281.0,50,65,107,105,107,86
537,480,Uxie,Psychic,,4,True,1421.0,75,75,130,75,130,95
538,481,Mesprit,Psychic,,4,True,1476.0,80,105,105,105,105,80
539,482,Azelf,Psychic,,4,True,1441.0,75,125,70,125,70,115
540,483,Dialga,Steel,Dragon,4,True,1761.0,100,120,120,150,100,90
541,484,Palkia,Water,Dragon,4,True,1721.0,90,120,100,150,120,100
542,485,Heatran,Fire,Steel,4,True,1541.0,91,90,106,130,106,77
543,486,Regigigas,Normal,,4,True,1701.0,110,160,110,80,110,100
544,487,GiratinaAltered Forme,Ghost,Dragon,4,True,1741.0,150,100,120,100,120,90
545,487,GiratinaOrigin Forme,Ghost,Dragon,4,True,1761.0,150,120,100,120,100,90
546,488,Cresselia,Psychic,,4,False,1500.0,120,70,120,75,130,85
547,489,Phione,Water,,4,False,1200.0,80,80,80,80,80,80
548,490,Manaphy,Water,,4,False,1500.0,100,100,100,100,100,100
549,491,Darkrai,Dark,,4,True,1461.0,70,90,90,135,90,125
550,492,ShayminLand Forme,Grass,,4,True,1501.0,100,100,100,100,100,100
551,492,ShayminSky Forme,Grass,Flying,4,True,1472.0,100,103,75,120,75,127
552,493,Arceus,Normal,,4,True,1801.0,120,120,120,120,120,120
553,494,Victini,Psychic,Fire,5,True,1501.0,100,100,100,100,100,100
554,495,Snivy,Grass,,5,False,743.0,45,45,55,45,55,63
555,496,Servine,Grass,,5,False,998.0,60,60,75,60,75,83
556,497,Serperior,Grass,,5,False,1263.0,75,75,95,75,95,113
557,498,Tepig,Fire,,5,False,789.0,65,63,45,45,45,45
558,499,Pignite,Fire,Fighting,5,False,1089.0,90,93,55,70,55,55
559,500,Emboar,Fire,Fighting,5,False,1389.0,110,123,65,100,65,65
560,501,Oshawott,Water,,5,False,789.0,55,55,45,63,45,45
561,502,Dewott,Water,,5,False,1059.0,75,75,60,83,60,60
562,503,Samurott,Water,,5,False,1374.0,95,100,85,108,70,70
563,504,Patrat,Normal,,5,False,642.0,45,55,39,35,39,42
564,505,Watchog,Normal,,5,False,1037.0,60,85,69,60,69,77
565,506,Lillipup,Normal,,5,False,670.0,45,60,45,25,45,55
566,507,Herdier,Normal,,5,False,925.0,65,80,65,35,65,60
567,508,Stoutland,Normal,,5,False,1250.0,85,110,90,45,90,80
568,509,Purrloin,Dark,,5,False,674.0,41,50,37,50,37,66
569,510,Liepard,Dark,,5,False,1076.0,64,88,50,88,50,106
570,511,Pansage,Grass,,5,False,772.0,50,53,48,53,48,64
571,512,Simisage,Grass,,5,False,1229.0,75,98,63,98,63,101
572,513,Pansear,Fire,,5,False,772.0,50,53,48,53,48,64
573,514,Simisear,Fire,,5,False,1229.0,75,98,63,98,63,101
574,515,Panpour,Water,,5,False,772.0,50,53,48,53,48,64
575,516,Simipour,Water,,5,False,1229.0,75,98,63,98,63,101
576,517,Munna,Psychic,,5,False,773.0,76,25,45,67,55,24
577,518,Musharna,Psychic,,5,False,1308.0,116,55,85,107,95,29
578,519,Pidove,Normal,Flying,5,False,676.0,50,55,50,36,30,43
579,520,Tranquill,Normal,Flying,5,False,902.0,62,77,62,50,42,65
580,521,Unfezant,Normal,Flying,5,False,1223.0,80,115,80,65,55,93
581,522,Blitzle,Electric,,5,False,701.0,45,60,32,50,32,76
582,523,Zebstrika,Electric,,5,False,1196.0,75,100,63,80,63,116
583,524,Roggenrola,Rock,,5,False,785.0,55,75,85,25,25,15
584,525,Boldore,Rock,,5,False,1090.0,70,105,105,50,40,20
585,526,Gigalith,Rock,,5,False,1415.0,85,135,130,60,80,25
586,527,Woobat,Psychic,Flying,5,False,752.0,55,45,43,55,43,72
587,528,Swoobat,Psychic,Flying,5,False,992.0,67,57,55,77,55,114
588,529,Drilbur,Ground,,5,False,803.0,60,85,40,30,45,68
589,530,Excadrill,Ground,Steel,5,False,1283.0,110,135,60,50,65,88
590,531,Audino,Normal,,5,False,1149.0,103,60,86,60,86,50
591,531,AudinoMega Audino,Normal,Fairy,5,False,1409.0,103,60,126,80,126,50
592,532,Timburr,Fighting,,5,False,810.0,75,80,55,25,35,35
593,533,Gurdurr,Fighting,,5,False,1085.0,85,105,85,40,50,40
594,534,Conkeldurr,Fighting,,5,False,1360.0,105,140,95,55,65,45
595,535,Tympole,Water,,5,False,714.0,50,50,40,50,40,64
596,536,Palpitoad,Water,Ground,5,False,959.0,75,65,55,65,55,69
597,537,Seismitoad,Water,Ground,5,False,1304.0,105,95,75,85,75,74
598,538,Throh,Fighting,,5,False,1220.0,120,100,85,30,85,45
599,539,Sawk,Fighting,,5,False,1150.0,75,125,75,30,75,85
600,540,Sewaddle,Bug,Grass,5,False,786.0,45,53,70,40,60,42
601,541,Swadloon,Bug,Grass,5,False,976.0,55,63,90,50,80,42
602,542,Leavanny,Bug,Grass,5,False,1236.0,75,103,80,70,80,92
603,543,Venipede,Bug,Poison,5,False,627.0,30,45,59,30,39,57
604,544,Whirlipede,Bug,Poison,5,False,907.0,40,55,99,40,79,47
605,545,Scolipede,Bug,Poison,5,False,1162.0,60,100,89,55,69,112
606,546,Cottonee,Grass,Fairy,5,False,658.0,40,27,60,37,50,66
607,547,Whimsicott,Grass,Fairy,5,False,1133.0,60,67,85,77,75,116
608,548,Petilil,Grass,,5,False,730.0,45,35,50,70,50,30
609,549,Lilligant,Grass,,5,False,1185.0,70,60,75,110,75,90
610,550,Basculin,Water,,5,False,1129.0,70,92,65,80,55,98
611,551,Sandile,Ground,Dark,5,False,711.0,50,72,35,35,35,65
612,552,Krokorok,Ground,Dark,5,False,860.0,60,82,45,45,45,74
613,553,Krookodile,Ground,Dark,5,False,1303.0,95,117,80,65,70,92
614,554,Darumaka,Fire,,5,False,800.0,70,90,45,15,45,50
615,555,DarmanitanStandard Mode,Fire,,5,False,1195.0,105,140,55,30,55,95
616,555,DarmanitanZen Mode,Fire,Psychic,5,False,1405.0,105,30,105,140,105,55
617,556,Maractus,Grass,,5,False,1196.0,75,86,67,106,67,60
618,557,Dwebble,Bug,Rock,5,False,830.0,50,65,85,35,35,55
619,558,Crustle,Bug,Rock,5,False,1260.0,70,95,125,65,75,45
620,559,Scraggy,Dark,Fighting,5,False,878.0,50,75,70,35,70,48
621,560,Scrafty,Dark,Fighting,5,False,1233.0,65,90,115,45,115,58
622,561,Sigilyph,Psychic,Flying,5,False,1196.0,72,58,80,103,80,97
623,562,Yamask,Ghost,,5,False,784.0,38,30,85,55,65,30
624,563,Cofagrigus,Ghost,,5,False,1284.0,58,50,145,95,105,30
625,564,Tirtouga,Water,Rock,5,False,976.0,54,78,103,53,45,22
626,565,Carracosta,Water,Rock,5,False,1356.0,74,108,133,83,65,32
627,566,Archen,Rock,Flying,5,False,1018.0,55,112,45,74,45,70
628,567,Archeops,Rock,Flying,5,False,1416.0,75,140,65,112,65,110
629,568,Trubbish,Poison,,5,False,795.0,50,50,62,40,62,65
630,569,Garbodor,Poison,,5,False,1190.0,80,95,82,60,82,75
631,570,Zorua,Dark,,5,False,820.0,40,65,40,80,40,65
632,571,Zoroark,Dark,,5,False,1260.0,60,105,60,120,60,105
633,572,Minccino,Normal,,5,False,710.0,55,50,40,40,40,75
634,573,Cinccino,Normal,,5,False,1120.0,75,95,60,65,60,115
635,574,Gothita,Psychic,,5,False,715.0,45,30,50,55,65,45
636,575,Gothorita,Psychic,,5,False,975.0,60,45,70,75,85,55
637,576,Gothitelle,Psychic,,5,False,1230.0,70,55,95,95,110,65
638,577,Solosis,Psychic,,5,False,780.0,45,30,40,105,50,20
639,578,Duosion,Psychic,,5,False,990.0,65,40,50,125,60,30
640,579,Reuniclus,Psychic,,5,False,1325.0,110,65,75,125,85,30
641,580,Ducklett,Water,Flying,5,False,755.0,62,44,50,44,50,55
642,581,Swanna,Water,Flying,5,False,1160.0,75,87,63,87,63,98
643,582,Vanillite,Ice,,5,False,767.0,36,50,50,65,60,44
644,583,Vanillish,Ice,,5,False,992.0,51,65,65,80,75,59
645,584,Vanilluxe,Ice,,5,False,1352.0,71,95,85,110,95,79
646,585,Deerling,Normal,Grass,5,False,805.0,60,60,50,40,50,75
647,586,Sawsbuck,Normal,Grass,5,False,1165.0,80,100,70,60,70,95
648,587,Emolga,Electric,Flying,5,False,1018.0,55,75,60,75,60,103
649,588,Karrablast,Bug,,5,False,780.0,50,75,45,40,45,60
650,589,Escavalier,Bug,Steel,5,False,1340.0,70,135,105,60,105,20
651,590,Foongus,Grass,Poison,5,False,797.0,69,55,45,55,55,15
652,591,Amoonguss,Grass,Poison,5,False,1252.0,114,85,70,85,80,30
653,592,Frillish,Water,Ghost,5,False,840.0,55,40,50,65,85,40
654,593,Jellicent,Water,Ghost,5,False,1215.0,100,60,70,85,105,60
655,594,Alomomola,Water,,5,False,1235.0,165,75,80,40,45,65
656,595,Joltik,Bug,Electric,5,False,777.0,50,47,50,57,50,65
657,596,Galvantula,Bug,Electric,5,False,1140.0,70,77,60,97,60,108
658,597,Ferroseed,Grass,Steel,5,False,809.0,44,50,91,24,86,10
659,598,Ferrothorn,Grass,Steel,5,False,1311.0,74,94,131,54,116,20
660,599,Klink,Steel,,5,False,780.0,40,55,70,45,60,30
661,600,Klang,Steel,,5,False,1135.0,60,80,95,70,85,50
662,601,Klinklang,Steel,,5,False,1295.0,60,100,115,70,85,90
663,602,Tynamo,Electric,,5,False,665.0,35,55,40,45,40,60
664,603,Eelektrik,Electric,,5,False,1065.0,65,85,70,75,70,40
665,604,Eelektross,Electric,,5,False,1365.0,85,115,80,105,80,50
666,605,Elgyem,Psychic,,5,False,890.0,55,55,55,85,55,30
667,606,Beheeyem,Psychic,,5,False,1280.0,75,75,75,125,95,40
668,607,Litwick,Ghost,Fire,5,False,730.0,50,30,55,65,55,20
669,608,Lampent,Ghost,Fire,5,False,940.0,60,40,60,95,60,55
670,609,Chandelure,Ghost,Fire,5,False,1310.0,60,55,90,145,90,80
671,610,Axew,Dragon,,5,False,806.0,46,87,60,30,40,57
672,611,Fraxure,Dragon,,5,False,1046.0,66,117,70,40,50,67
673,612,Haxorus,Dragon,,5,False,1356.0,76,147,90,60,70,97
674,613,Cubchoo,Ice,,5,False,795.0,55,70,40,60,40,40
675,614,Beartic,Ice,,5,False,1275.0,95,110,80,70,80,50
676,615,Cryogonal,Ice,,5,False,1110.0,70,50,30,95,135,105
677,616,Shelmet,Bug,,5,False,800.0,50,40,85,40,65,25
678,617,Accelgor,Bug,,5,False,1135.0,80,70,40,100,60,145
679,618,Stunfisk,Ground,Electric,5,False,1250.0,109,66,84,81,99,32
680,619,Mienfoo,Fighting,,5,False,870.0,45,85,50,55,50,65
681,620,Mienshao,Fighting,,5,False,1260.0,65,125,60,95,60,105
682,621,Druddigon,Dragon,,5,False,1269.0,77,120,90,60,90,48
683,622,Golett,Ground,Ghost,5,False,789.0,59,74,50,35,50,35
684,623,Golurk,Ground,Ghost,5,False,1259.0,89,124,80,55,80,55
685,624,Pawniard,Dark,Steel,5,False,860.0,45,85,70,40,40,60
686,625,Bisharp,Dark,Steel,5,False,1260.0,65,125,100,60,70,70
687,626,Bouffalant,Normal,,5,False,1265.0,95,110,95,40,95,55
688,627,Rufflet,Normal,Flying,5,False,880.0,70,83,50,37,50,60
689,628,Braviary,Normal,Flying,5,False,1295.0,100,123,75,57,75,80
690,629,Vullaby,Dark,Flying,5,False,925.0,70,55,75,45,65,60
691,630,Mandibuzz,Dark,Flying,5,False,1275.0,110,65,105,55,95,80
692,631,Heatmor,Fire,,5,False,1256.0,85,97,66,105,66,65
693,632,Durant,Bug,Steel,5,False,1186.0,58,109,112,48,48,109
694,633,Deino,Dark,Dragon,5,False,774.0,52,65,50,45,50,38
695,634,Zweilous,Dark,Dragon,5,False,1074.0,72,85,70,65,70,58
696,635,Hydreigon,Dark,Dragon,5,False,1514.0,92,105,90,125,90,98
697,636,Larvesta,Bug,Fire,5,False,905.0,55,85,55,50,55,60
698,637,Volcarona,Bug,Fire,5,False,1345.0,85,60,65,135,105,100
699,638,Cobalion,Steel,Fighting,5,True,1453.0,91,90,129,90,72,108
700,639,Terrakion,Rock,Fighting,5,True,1435.0,91,129,90,72,90,108
701,640,Virizion,Grass,Fighting,5,True,1396.0,91,90,72,90,129,108
702,641,TornadusIncarnate Forme,Flying,,5,True,1439.0,79,115,70,125,80,111
703,641,TornadusTherian Forme,Flying,,5,True,1409.0,79,100,80,110,90,121
704,642,ThundurusIncarnate Forme,Electric,Flying,5,True,1439.0,79,115,70,125,80,111
705,642,ThundurusTherian Forme,Electric,Flying,5,True,1459.0,79,105,70,145,80,101
706,643,Reshiram,Dragon,Fire,5,True,1741.0,100,120,100,150,120,90
707,644,Zekrom,Dragon,Electric,5,True,1761.0,100,150,120,120,100,90
708,645,LandorusIncarnate Forme,Ground,Flying,5,True,1519.0,89,125,90,115,80,101
709,645,LandorusTherian Forme,Ground,Flying,5,True,1539.0,89,145,90,105,80,91
710,646,Kyurem,Dragon,Ice,5,True,1701.0,125,130,90,130,90,95
711,646,KyuremBlack Kyurem,Dragon,Ice,5,True,1821.0,125,170,100,120,90,95
712,646,KyuremWhite Kyurem,Dragon,Ice,5,True,1811.0,125,120,90,170,100,95
713,647,KeldeoOrdinary Forme,Water,Fighting,5,False,1434.0,91,72,90,129,90,108
714,647,KeldeoResolute Forme,Water,Fighting,5,False,1434.0,91,72,90,129,90,108
715,648,MeloettaAria Forme,Normal,Psychic,5,False,1492.0,100,77,77,128,128,90
716,648,MeloettaPirouette Forme,Normal,Fighting,5,False,1467.0,100,128,90,77,77,128
717,649,Genesect,Bug,Steel,5,False,1507.0,71,120,95,120,95,99
718,650,Chespin,Grass,,6,False,818.0,56,61,65,48,45,38
719,651,Quilladin,Grass,,6,False,1043.0,61,78,95,56,58,57
720,652,Chesnaught,Grass,Fighting,6,False,1387.0,88,107,122,74,75,64
721,653,Fennekin,Fire,,6,False,741.0,40,45,40,62,60,60
722,654,Braixen,Fire,,6,False,1011.0,59,59,58,90,70,73
723,655,Delphox,Fire,Psychic,6,False,1294.0,75,69,72,114,100,104
724,656,Froakie,Water,,6,False,756.0,41,56,40,62,44,71
725,657,Frogadier,Water,,6,False,965.0,54,63,52,83,56,97
726,658,Greninja,Water,Dark,6,False,1275.0,72,95,67,103,71,122
727,659,Bunnelby,Normal,,6,False,561.0,38,36,38,32,36,57
728,660,Diggersby,Normal,Ground,6,False,1036.0,85,56,77,50,77,78
729,661,Fletchling,Normal,Flying,6,False,672.0,45,50,43,40,38,62
730,662,Fletchinder,Fire,Flying,6,False,926.0,62,73,55,56,52,84
731,663,Talonflame,Fire,Flying,6,False,1176.0,78,81,71,74,69,126
732,664,Scatterbug,Bug,,6,False,505.0,38,35,40,27,25,35
733,665,Spewpa,Bug,,6,False,551.0,45,22,60,27,30,29
734,666,Vivillon,Bug,Flying,6,False,1005.0,80,52,50,90,50,89
735,667,Litleo,Fire,Normal,6,False,909.0,62,50,58,73,54,72
736,668,Pyroar,Fire,Normal,6,False,1243.0,86,68,72,109,66,106
737,669,Flabébé,Fairy,,6,False,746.0,44,38,39,61,79,42
738,670,Floette,Fairy,,6,False,911.0,54,45,47,75,98,52
739,671,Florges,Fairy,,6,False,1352.0,78,65,68,112,154,75
740,672,Skiddo,Grass,,6,False,889.0,66,65,48,62,57,52
741,673,Gogoat,Grass,,6,False,1376.0,123,100,62,97,81,68
742,674,Pancham,Fighting,,6,False,910.0,67,82,62,46,48,43
743,675,Pangoro,Fighting,Dark,6,False,1298.0,95,124,78,69,71,58
744,676,Furfrou,Normal,,6,False,1122.0,75,80,60,65,90,102
745,677,Espurr,Psychic,,6,False,869.0,62,48,54,63,60,68
746,678,MeowsticMale,Psychic,,6,False,1109.0,74,48,76,83,81,104
747,678,MeowsticFemale,Psychic,,6,False,1109.0,74,48,76,83,81,104
748,679,Honedge,Steel,Ghost,6,False,882.0,45,80,100,35,37,28
749,680,Doublade,Steel,Ghost,6,False,1225.0,59,110,150,45,49,35
750,681,AegislashBlade Forme,Steel,Ghost,6,False,1390.0,60,150,50,150,50,60
751,681,AegislashShield Forme,Steel,Ghost,6,False,1290.0,60,50,150,50,150,60
752,682,Spritzee,Fairy,,6,False,912.0,78,52,60,63,65,23
753,683,Aromatisse,Fairy,,6,False,1239.0,101,72,72,99,89,29
754,684,Swirlix,Fairy,,6,False,868.0,62,48,66,59,57,49
755,685,Slurpuff,Fairy,,6,False,1221.0,82,80,86,85,75,72
756,686,Inkay,Dark,Psychic,6,False,728.0,53,54,53,37,46,45
757,687,Malamar,Dark,Psychic,6,False,1225.0,86,92,88,68,75,73
758,688,Binacle,Rock,Water,6,False,762.0,42,52,67,39,56,50
759,689,Barbaracle,Rock,Water,6,False,1278.0,72,105,115,54,86,68
760,690,Skrelp,Poison,Water,6,False,840.0,50,60,60,60,60,30
761,691,Dragalge,Poison,Dragon,6,False,1271.0,65,75,90,97,123,44
762,692,Clauncher,Water,,6,False,839.0,50,53,62,58,63,44
763,693,Clawitzer,Water,,6,False,1293.0,71,73,88,120,89,59
764,694,Helioptile,Electric,Normal,6,False,684.0,44,38,33,61,43,70
765,695,Heliolisk,Electric,Normal,6,False,1131.0,62,55,52,109,94,109
766,696,Tyrunt,Rock,Dragon,6,False,945.0,58,89,77,45,45,48
767,697,Tyrantrum,Rock,Dragon,6,False,1362.0,82,121,119,69,59,71
768,698,Amaura,Rock,Ice,6,False,931.0,77,59,50,67,63,46
769,699,Aurorus,Rock,Ice,6,False,1355.0,123,77,72,99,92,58
770,700,Sylveon,Fairy,,6,False,1325.0,95,65,65,110,130,60
771,701,Hawlucha,Fighting,Flying,6,False,1201.0,78,92,75,74,63,118
772,702,Dedenne,Electric,Fairy,6,False,1024.0,67,58,57,81,67,101
773,703,Carbink,Rock,Fairy,6,False,1250.0,50,50,150,50,150,50
774,704,Goomy,Dragon,,6,False,745.0,45,50,35,55,75,40
775,705,Sliggoo,Dragon,,6,False,1123.0,68,75,53,83,113,60
776,706,Goodra,Dragon,,6,False,1490.0,90,100,70,110,150,80
777,707,Klefki,Steel,Fairy,6,False,1173.0,57,80,91,80,87,75
778,708,Phantump,Ghost,Grass,6,False,791.0,43,70,48,50,60,38
779,709,Trevenant,Ghost,Grass,6,False,1228.0,85,110,76,65,82,56
780,710,PumpkabooAverage Size,Ghost,Grass,6,False,848.0,49,66,70,44,55,51
781,710,PumpkabooSmall Size,Ghost,Grass,6,False,838.0,44,66,70,44,55,56
782,710,PumpkabooLarge Size,Ghost,Grass,6,False,858.0,54,66,70,44,55,46
783,710,PumpkabooSuper Size,Ghost,Grass,6,False,868.0,59,66,70,44,55,41
784,711,GourgeistAverage Size,Ghost,Grass,6,False,1239.0,65,90,122,58,75,84
785,711,GourgeistSmall Size,Ghost,Grass,6,False,1209.0,55,85,122,58,75,99
786,711,GourgeistLarge Size,Ghost,Grass,6,False,1269.0,75,95,122,58,75,69
787,711,GourgeistSuper Size,Ghost,Grass,6,False,1299.0,85,100,122,58,75,54
788,712,Bergmite,Ice,,6,False,821.0,55,69,85,32,35,28
789,713,Avalugg,Ice,,6,False,1440.0,95,117,184,44,46,28
790,714,Noibat,Flying,Dragon,6,False,585.0,40,30,35,45,40,55
791,715,Noivern,Flying,Dragon,6,False,1279.0,85,70,80,97,80,123
792,716,Xerneas,Fairy,,6,True,1745.0,126,131,95,131,98,99
793,717,Yveltal,Dark,Flying,6,True,1745.0,126,131,95,131,98,99
794,718,Zygarde50% Forme,Dragon,Ground,6,True,1516.0,108,100,121,81,95,95
795,719,Diancie,Rock,Fairy,6,True,1551.0,50,100,150,100,150,50
796,719,DiancieMega Diancie,Rock,Fairy,6,True,1771.0,50,160,110,160,110,110
797,720,HoopaHoopa Confined,Psychic,Ghost,6,True,1531.0,80,110,60,150,130,70
798,720,HoopaHoopa Unbound,Psychic,Dark,6,True,1751.0,80,160,60,170,130,80
799,721,Volcanion,Fire,Water,6,True,1571.0,80,110,120,130,90,70
